flow	design	case	repeat	step	seconds	exit	load1_before	load1_after
vivado	-	install	1	fetch	9.3	0	-	-
openxc7	picorv32_x16	cold	1	synth	104.4	0	2.41	2.15
openxc7	picorv32_x16	cold	1	pnr	482.7	0	2.15	2.70
openxc7	picorv32_x16	noop	1	pnr	1.0	0	2.70	2.70
openxc7	picorv32_x16	edit_end	1	synth	76.0	0	2.70	2.14
openxc7	picorv32_x16	edit_end	1	pnr	0.3	0	2.14	2.14
openxc7	picorv32_x16	edit_top	1	synth	76.1	0	2.14	2.14
openxc7	picorv32_x16	edit_top	1	pnr	437.1	0	2.14	1.88
openxc7	picorv32_x16	warm	1	synth	20.2	0	1.89	5.42
openxc7	picorv32_x16	warm	1	pnr	3.2	0	5.42	7.23
openxc7	picorv32_x16	cold	2	synth	119.5	0	7.23	2.11
openxc7	picorv32_x16	cold	2	pnr	459.3	0	2.11	1.25
openxc7	picorv32_x16	noop	2	pnr	0.3	0	1.25	1.25
openxc7	picorv32_x16	edit_end	2	synth	82.4	0	1.25	1.43
openxc7	picorv32_x16	edit_end	2	pnr	0.4	0	1.43	2.12
openxc7	picorv32_x16	edit_top	2	synth	114.9	0	2.12	2.37
openxc7	picorv32_x16	edit_top	2	pnr	457.3	0	2.37	1.32
openxc7	picorv32_x16	warm	2	synth	7.6	0	1.29	2.95
openxc7	picorv32_x16	warm	2	pnr	2.6	0	2.95	4.48
openxc7	picorv32_x16	cold	3	synth	102.6	0	4.48	2.29
openxc7	picorv32_x16	cold	3	pnr	491.9	0	2.29	1.20
openxc7	picorv32_x16	noop	3	pnr	0.4	0	1.20	1.20
openxc7	picorv32_x16	edit_end	3	synth	72.2	0	1.20	1.22
openxc7	picorv32_x16	edit_end	3	pnr	0.3	0	1.22	1.22
openxc7	picorv32_x16	edit_top	3	synth	72.0	0	1.22	1.92
openxc7	picorv32_x16	edit_top	3	pnr	417.2	0	1.92	1.45
openxc7	picorv32_x16	warm	3	synth	7.4	0	1.42	1.78
openxc7	picorv32_x16	warm	3	pnr	2.3	0	1.78	2.28
vivado	picorv32_x16	cold	1	synth	135.2	0	2.28	2.27
vivado	picorv32_x16	cold	1	pnr	191.7	0	2.27	2.40
vivado	picorv32_x16	noop	1	pnr	0.3	0	2.40	2.40
vivado	picorv32_x16	edit_end	1	synth	82.5	0	2.40	1.95
vivado	picorv32_x16	edit_end	1	pnr	196.3	0	1.95	2.40
vivado	picorv32_x16	edit_top	1	synth	82.2	0	2.40	1.58
vivado	picorv32_x16	edit_top	1	pnr	198.3	0	1.58	3.07
vivado	picorv32_x16	warm	1	synth	8.8	0	2.91	3.55
vivado	picorv32_x16	warm	1	pnr	1.1	0	3.55	3.59
vivado	picorv32_x16	cold	2	synth	139.7	0	3.59	1.97
vivado	picorv32_x16	cold	2	pnr	205.2	0	1.97	2.43
vivado	picorv32_x16	noop	2	pnr	0.3	0	2.43	2.43
vivado	picorv32_x16	edit_end	2	synth	83.2	0	2.43	1.49
vivado	picorv32_x16	edit_end	2	pnr	206.3	0	1.49	2.27
vivado	picorv32_x16	edit_top	2	synth	84.2	0	2.27	1.51
vivado	picorv32_x16	edit_top	2	pnr	196.4	0	1.51	2.66
vivado	picorv32_x16	warm	2	synth	8.1	0	2.66	5.45
vivado	picorv32_x16	warm	2	pnr	0.9	0	5.45	5.45
vivado	picorv32_x16	cold	3	synth	134.0	0	5.45	2.26
vivado	picorv32_x16	cold	3	pnr	200.2	0	2.26	2.45
vivado	picorv32_x16	noop	3	pnr	0.5	0	2.45	2.45
vivado	picorv32_x16	edit_end	3	synth	129.6	0	2.45	1.99
vivado	picorv32_x16	edit_end	3	pnr	205.0	0	1.99	1.86
vivado	picorv32_x16	edit_top	3	synth	84.4	0	1.86	1.63
vivado	picorv32_x16	edit_top	3	pnr	199.4	0	1.63	1.77
vivado	picorv32_x16	warm	3	synth	7.5	0	1.77	3.73
vivado	picorv32_x16	warm	3	pnr	1.0	0	3.73	3.73
